{"cameraMode":{"drawMode":0,"name":"Shaded","section":"Shading Mode"},"sceneLighting":true,"audioPlay":false,"sceneViewState":{"showFog":false,"showMaterialUpdate":false,"showSkybox":false,"showFlares":false,"showImageEffects":false,"showParticleSystems":false},"in2DMode":false,"pivot":{"x":6.970807075500488,"y":1.7846723794937134,"z":-3.090859889984131},"rotation":{"x":-0.24502414464950562,"y":0.5884722471237183,"z":-0.19333213567733766,"w":-0.7458721995353699},"size":12.912793159484864,"orthographic":false}