{"cameraMode":{"drawMode":0,"name":"Shaded","section":"Shading Mode"},"sceneLighting":true,"audioPlay":false,"sceneViewState":{"showFog":false,"showMaterialUpdate":false,"showSkybox":false,"showFlares":false,"showImageEffects":false,"showParticleSystems":false},"in2DMode":false,"pivot":{"x":15.371539115905762,"y":0.7050200700759888,"z":-10.211451530456543},"rotation":{"x":-0.005510967690497637,"y":-0.7088615298271179,"z":0.005533044692128897,"w":-0.7053198218345642},"size":9.37963581085205,"orthographic":false}